-- phpMyAdmin SQL Dump
-- version 4.7.0
-- https://www.phpmyadmin.net/
--
-- Hôte : db
-- Généré le :  Dim 05 nov. 2017 à 13:34
-- Version du serveur :  5.7.18
-- Version de PHP :  7.0.16

SET SQL_MODE = "NO_AUTO_VALUE_ON_ZERO";
SET AUTOCOMMIT = 0;
START TRANSACTION;
SET time_zone = "+00:00";


/*!40101 SET @OLD_CHARACTER_SET_CLIENT=@@CHARACTER_SET_CLIENT */;
/*!40101 SET @OLD_CHARACTER_SET_RESULTS=@@CHARACTER_SET_RESULTS */;
/*!40101 SET @OLD_COLLATION_CONNECTION=@@COLLATION_CONNECTION */;
/*!40101 SET NAMES utf8mb4 */;

--
-- Base de données :  `Laboratoire_Analyse`
--

-- --------------------------------------------------------

--
-- Structure de la table `analyse`
--

CREATE TABLE `analyse` (
  `idAnalyse` int(11) NOT NULL,
  `idPrelevement` int(11) NOT NULL,
  `nomAnalyse` varchar(30) NOT NULL,
  `resultat` varchar(50) NOT NULL,
  `commentaire` text
) ENGINE=InnoDB DEFAULT CHARSET=utf8;

--
-- Déchargement des données de la table `analyse`
--

INSERT INTO `analyse` (`idAnalyse`, `idPrelevement`, `nomAnalyse`, `resultat`, `commentaire`) VALUES
(1, 2, 'Plaquettes', 'velit. Quisque', 'Lorem Ipsum'),
(2, 67, 'Plaquettes', 'nec, eleifend non,', 'Lorem Ipsum'),
(3, 173, 'Diabete', 'interdum enim non nisi. Aenean', 'Lorem Ipsum'),
(4, 89, 'Drogues', 'ut cursus luctus, ipsum leo', 'Lorem Ipsum'),
(5, 182, 'Cholesterol', 'placerat, orci', 'Lorem Ipsum'),
(6, 94, 'Cholesterol', 'a, facilisis non, bibendum', 'Lorem Ipsum'),
(7, 128, 'Grossesse', 'sed sem', 'Lorem Ipsum'),
(8, 21, 'Drogues', 'mauris. Suspendisse aliquet molestie tellus.', 'Lorem Ipsum'),
(9, 52, 'SIDA', 'est, mollis non,', 'Lorem Ipsum'),
(10, 40, 'Cholesterol', 'vestibulum lorem, sit amet', 'Lorem Ipsum'),
(11, 18, 'Drogues', 'dolor elit, pellentesque a, facilisis', 'Lorem Ipsum'),
(12, 134, 'Diabete', 'ante. Nunc mauris sapien,', 'Lorem Ipsum'),
(13, 84, 'Diabete', 'torquent', 'Lorem Ipsum'),
(14, 110, 'Cholesterol', 'eleifend non, dapibus', 'Lorem Ipsum'),
(15, 86, 'Plaquettes', 'lectus', 'Lorem Ipsum'),
(16, 58, 'Drogues', 'arcu. Vestibulum ante ipsum primis', 'Lorem Ipsum'),
(17, 89, 'Diabete', 'dolor dapibus gravida.', 'Lorem Ipsum'),
(18, 64, 'Drogues', 'aliquam, enim', 'Lorem Ipsum'),
(19, 120, 'SIDA', 'convallis convallis', 'Lorem Ipsum'),
(20, 20, 'SIDA', 'pellentesque, tellus', 'Lorem Ipsum'),
(21, 142, 'Drogues', 'suscipit nonummy.', 'Lorem Ipsum'),
(22, 2, 'Plaquettes', 'sociosqu ad litora torquent', 'Lorem Ipsum'),
(23, 117, 'Plaquettes', 'tortor.', 'Lorem Ipsum'),
(24, 167, 'Diabete', 'iaculis quis, pede.', 'Lorem Ipsum'),
(25, 126, 'Plaquettes', 'rutrum. Fusce dolor quam, elementum', 'Lorem Ipsum'),
(26, 158, 'Cholesterol', 'dapibus ligula. Aliquam erat', 'Lorem Ipsum'),
(27, 80, 'Grossesse', 'vel, venenatis vel, faucibus id,', 'Lorem Ipsum'),
(28, 29, 'Grossesse', 'tempor arcu. Vestibulum ut eros', 'Lorem Ipsum'),
(29, 138, 'Plaquettes', 'gravida sit amet, dapibus id,', 'Lorem Ipsum'),
(30, 91, 'Plaquettes', 'felis purus', 'Lorem Ipsum'),
(31, 66, 'SIDA', 'dui', 'Lorem Ipsum'),
(32, 84, 'Grossesse', 'enim non', 'Lorem Ipsum'),
(33, 195, 'Plaquettes', 'orci sem eget massa.', 'Lorem Ipsum'),
(34, 165, 'Grossesse', 'porta elit,', 'Lorem Ipsum'),
(35, 152, 'Grossesse', 'eget, volutpat ornare,', 'Lorem Ipsum'),
(36, 60, 'Plaquettes', 'a neque. Nullam ut nisi', 'Lorem Ipsum'),
(37, 10, 'Drogues', 'ut nisi', 'Lorem Ipsum'),
(38, 125, 'Diabete', 'libero lacus, varius', 'Lorem Ipsum'),
(39, 33, 'Grossesse', 'dui. Suspendisse ac', 'Lorem Ipsum'),
(40, 113, 'Plaquettes', 'malesuada fames ac', 'Lorem Ipsum'),
(41, 169, 'Cholesterol', 'eget laoreet posuere, enim nisl', 'Lorem Ipsum'),
(42, 117, 'Grossesse', 'augue. Sed molestie. Sed', 'Lorem Ipsum'),
(43, 126, 'Cholesterol', 'erat.', 'Lorem Ipsum'),
(44, 101, 'SIDA', 'lobortis ultrices. Vivamus', 'Lorem Ipsum'),
(45, 77, 'Diabete', 'lacinia.', 'Lorem Ipsum'),
(46, 165, 'SIDA', 'magna a neque. Nullam', 'Lorem Ipsum'),
(47, 39, 'Drogues', 'Cras pellentesque.', 'Lorem Ipsum'),
(48, 49, 'SIDA', 'lectus', 'Lorem Ipsum'),
(49, 179, 'Plaquettes', 'dignissim pharetra. Nam ac nulla.', 'Lorem Ipsum'),
(50, 7, 'Cholesterol', 'mi tempor lorem, eget mollis', 'Lorem Ipsum'),
(51, 83, 'Drogues', 'sagittis', 'Lorem Ipsum'),
(52, 153, 'Diabete', 'in sodales elit', 'Lorem Ipsum'),
(53, 25, 'Grossesse', 'et, eros. Proin', 'Lorem Ipsum'),
(54, 168, 'Drogues', 'gravida mauris ut mi.', 'Lorem Ipsum'),
(55, 21, 'SIDA', 'tincidunt tempus risus. Donec', 'Lorem Ipsum'),
(56, 155, 'Grossesse', 'diam. Proin dolor. Nulla', 'Lorem Ipsum'),
(57, 190, 'Drogues', 'arcu. Curabitur ut odio vel', 'Lorem Ipsum'),
(58, 61, 'Cholesterol', 'ornare, facilisis eget, ipsum. Donec', 'Lorem Ipsum'),
(59, 33, 'Grossesse', 'lacus, varius', 'Lorem Ipsum'),
(60, 24, 'SIDA', 'lacus. Quisque purus', 'Lorem Ipsum'),
(61, 74, 'Drogues', 'Cras convallis', 'Lorem Ipsum'),
(62, 32, 'Drogues', 'vestibulum, neque sed', 'Lorem Ipsum'),
(63, 88, 'Drogues', 'auctor vitae, aliquet', 'Lorem Ipsum'),
(64, 149, 'Plaquettes', 'tellus.', 'Lorem Ipsum'),
(65, 30, 'Drogues', 'adipiscing ligula. Aenean gravida nunc', 'Lorem Ipsum'),
(66, 194, 'Diabete', 'Nam consequat dolor', 'Lorem Ipsum'),
(67, 30, 'Drogues', 'Phasellus dapibus quam quis', 'Lorem Ipsum'),
(68, 82, 'Diabete', 'ultrices, mauris', 'Lorem Ipsum'),
(69, 124, 'Grossesse', 'eu,', 'Lorem Ipsum'),
(70, 169, 'Grossesse', 'justo sit amet nulla.', 'Lorem Ipsum'),
(71, 182, 'Cholesterol', 'euismod est', 'Lorem Ipsum'),
(72, 52, 'Drogues', 'non, egestas a, dui. Cras', 'Lorem Ipsum'),
(73, 170, 'Diabete', 'velit in aliquet lobortis, nisi', 'Lorem Ipsum'),
(74, 83, 'Drogues', 'ornare, libero at auctor ullamcorper,', 'Lorem Ipsum'),
(75, 34, 'Cholesterol', 'pede, malesuada vel, venenatis', 'Lorem Ipsum'),
(76, 171, 'SIDA', 'sem ut cursus', 'Lorem Ipsum'),
(77, 20, 'Diabete', 'ac turpis egestas. Aliquam', 'Lorem Ipsum'),
(78, 174, 'Diabete', 'nulla. Integer urna. Vivamus molestie', 'Lorem Ipsum'),
(79, 172, 'Grossesse', 'amet, faucibus', 'Lorem Ipsum'),
(80, 150, 'SIDA', 'libero.', 'Lorem Ipsum'),
(81, 148, 'SIDA', 'egestas a,', 'Lorem Ipsum'),
(82, 69, 'Cholesterol', 'Vivamus euismod', 'Lorem Ipsum'),
(83, 129, 'Grossesse', 'arcu vel quam dignissim pharetra.', 'Lorem Ipsum'),
(84, 128, 'Diabete', 'ullamcorper. Duis', 'Lorem Ipsum'),
(85, 46, 'SIDA', 'vitae semper', 'Lorem Ipsum'),
(86, 60, 'Plaquettes', 'lacinia', 'Lorem Ipsum'),
(87, 198, 'SIDA', 'ullamcorper', 'Lorem Ipsum'),
(88, 13, 'Drogues', 'eget, dictum placerat, augue.', 'Lorem Ipsum'),
(89, 81, 'Plaquettes', 'massa. Integer', 'Lorem Ipsum'),
(90, 136, 'SIDA', 'mi.', 'Lorem Ipsum'),
(91, 116, 'SIDA', 'Integer sem elit, pharetra', 'Lorem Ipsum'),
(92, 191, 'Grossesse', 'orci sem eget', 'Lorem Ipsum'),
(93, 35, 'Cholesterol', 'pede. Cum sociis', 'Lorem Ipsum'),
(94, 55, 'SIDA', 'sem magna', 'Lorem Ipsum'),
(95, 59, 'Diabete', 'penatibus et magnis', 'Lorem Ipsum'),
(96, 10, 'SIDA', 'leo. Morbi neque', 'Lorem Ipsum'),
(97, 71, 'Cholesterol', 'morbi tristique senectus et', 'Lorem Ipsum'),
(98, 183, 'Diabete', 'vel arcu eu', 'Lorem Ipsum'),
(99, 104, 'Grossesse', 'turpis. In condimentum.', 'Lorem Ipsum'),
(100, 8, 'Diabete', 'eleifend egestas. Sed pharetra,', 'Lorem Ipsum'),
(101, 177, 'Cholesterol', 'diam. Sed diam', 'Lorem Ipsum'),
(102, 165, 'Diabete', 'non, bibendum sed, est. Nunc', 'Lorem Ipsum'),
(103, 98, 'SIDA', 'rutrum magna.', 'Lorem Ipsum'),
(104, 56, 'Plaquettes', 'Nam interdum enim', 'Lorem Ipsum'),
(105, 166, 'Grossesse', 'scelerisque', 'Lorem Ipsum'),
(106, 129, 'Cholesterol', 'eros non', 'Lorem Ipsum'),
(107, 167, 'Plaquettes', 'consectetuer adipiscing elit. Curabitur', 'Lorem Ipsum'),
(108, 197, 'Drogues', 'Etiam gravida molestie arcu.', 'Lorem Ipsum'),
(109, 75, 'Grossesse', 'dolor. Quisque tincidunt pede', 'Lorem Ipsum'),
(110, 70, 'Cholesterol', 'natoque penatibus', 'Lorem Ipsum'),
(111, 137, 'SIDA', 'mollis', 'Lorem Ipsum'),
(112, 113, 'Drogues', 'fringilla purus mauris a nunc.', 'Lorem Ipsum'),
(113, 59, 'Plaquettes', 'dapibus ligula. Aliquam erat volutpat.', 'Lorem Ipsum'),
(114, 106, 'SIDA', 'sodales. Mauris blandit', 'Lorem Ipsum'),
(115, 189, 'SIDA', 'Ut sagittis lobortis mauris.', 'Lorem Ipsum'),
(116, 169, 'Drogues', 'luctus vulputate, nisi sem semper', 'Lorem Ipsum'),
(117, 131, 'Grossesse', 'Vestibulum ante', 'Lorem Ipsum'),
(118, 197, 'SIDA', 'suscipit nonummy. Fusce', 'Lorem Ipsum'),
(119, 140, 'Diabete', 'vel pede blandit', 'Lorem Ipsum'),
(120, 18, 'Cholesterol', 'pellentesque massa lobortis ultrices.', 'Lorem Ipsum'),
(121, 45, 'Plaquettes', 'adipiscing fringilla, porttitor vulputate,', 'Lorem Ipsum'),
(122, 192, 'SIDA', 'Praesent interdum ligula eu', 'Lorem Ipsum'),
(123, 27, 'Plaquettes', 'consectetuer euismod est', 'Lorem Ipsum'),
(124, 147, 'Diabete', 'cursus, diam at pretium aliquet,', 'Lorem Ipsum'),
(125, 170, 'SIDA', 'Aliquam fringilla cursus', 'Lorem Ipsum'),
(126, 192, 'Diabete', 'magna. Sed', 'Lorem Ipsum'),
(127, 197, 'SIDA', 'nunc', 'Lorem Ipsum'),
(128, 33, 'SIDA', 'Suspendisse dui. Fusce', 'Lorem Ipsum'),
(129, 165, 'Cholesterol', 'id', 'Lorem Ipsum'),
(130, 196, 'Cholesterol', 'eu', 'Lorem Ipsum'),
(131, 108, 'Plaquettes', 'amet, consectetuer adipiscing elit.', 'Lorem Ipsum'),
(132, 177, 'Plaquettes', 'ullamcorper. Duis at', 'Lorem Ipsum'),
(133, 131, 'Grossesse', 'dui. Fusce diam nunc,', 'Lorem Ipsum'),
(134, 151, 'SIDA', 'vitae semper egestas, urna justo', 'Lorem Ipsum'),
(135, 179, 'Grossesse', 'eu arcu.', 'Lorem Ipsum'),
(136, 143, 'Plaquettes', 'risus. Donec', 'Lorem Ipsum'),
(137, 41, 'Cholesterol', 'sit', 'Lorem Ipsum'),
(138, 81, 'SIDA', 'vel lectus.', 'Lorem Ipsum'),
(139, 104, 'Plaquettes', 'vehicula et,', 'Lorem Ipsum'),
(140, 68, 'SIDA', 'Proin mi. Aliquam gravida mauris', 'Lorem Ipsum'),
(141, 101, 'Plaquettes', 'lectus pede et risus. Quisque', 'Lorem Ipsum'),
(142, 4, 'SIDA', 'quis urna. Nunc quis arcu', 'Lorem Ipsum'),
(143, 88, 'SIDA', 'mi enim, condimentum', 'Lorem Ipsum'),
(144, 95, 'Plaquettes', 'amet, consectetuer adipiscing', 'Lorem Ipsum'),
(145, 169, 'Plaquettes', 'nec ante blandit viverra. Donec', 'Lorem Ipsum'),
(146, 101, 'Plaquettes', 'conubia', 'Lorem Ipsum'),
(147, 71, 'Cholesterol', 'est. Nunc laoreet lectus', 'Lorem Ipsum'),
(148, 8, 'Diabete', 'pede ac', 'Lorem Ipsum'),
(149, 1, 'Grossesse', 'luctus felis purus', 'Lorem Ipsum'),
(150, 56, 'Grossesse', 'ut dolor dapibus gravida.', 'Lorem Ipsum'),
(151, 1, 'Grossesse', 'aliquam eu, accumsan sed,', 'Lorem Ipsum'),
(152, 3, 'Drogues', 'tempus scelerisque, lorem', 'Lorem Ipsum'),
(153, 14, 'SIDA', 'a, magna. Lorem ipsum dolor', 'Lorem Ipsum'),
(154, 124, 'Diabete', 'et ultrices posuere cubilia Curae;', 'Lorem Ipsum'),
(155, 197, 'SIDA', 'magna sed dui. Fusce aliquam,', 'Lorem Ipsum'),
(156, 178, 'Grossesse', 'nibh. Aliquam ornare,', 'Lorem Ipsum'),
(157, 189, 'Diabete', 'ut, sem. Nulla interdum. Curabitur', 'Lorem Ipsum'),
(158, 91, 'Cholesterol', 'Cras dictum ultricies ligula.', 'Lorem Ipsum'),
(159, 152, 'Drogues', 'a feugiat tellus lorem', 'Lorem Ipsum'),
(160, 101, 'Grossesse', 'Quisque ornare', 'Lorem Ipsum'),
(161, 154, 'Grossesse', 'Donec est mauris, rhoncus', 'Lorem Ipsum'),
(162, 137, 'Diabete', 'tortor.', 'Lorem Ipsum'),
(163, 70, 'SIDA', 'Cras', 'Lorem Ipsum'),
(164, 161, 'Grossesse', 'sem egestas', 'Lorem Ipsum'),
(165, 33, 'Grossesse', 'volutpat ornare, facilisis eget, ipsum.', 'Lorem Ipsum'),
(166, 64, 'SIDA', 'nulla. Integer vulputate, risus a', 'Lorem Ipsum'),
(167, 24, 'Grossesse', 'adipiscing lobortis', 'Lorem Ipsum'),
(168, 34, 'SIDA', 'lectus ante dictum mi, ac', 'Lorem Ipsum'),
(169, 43, 'Grossesse', 'orci luctus et ultrices', 'Lorem Ipsum'),
(170, 192, 'Grossesse', 'arcu imperdiet ullamcorper. Duis', 'Lorem Ipsum'),
(171, 47, 'Grossesse', 'ante ipsum primis in faucibus', 'Lorem Ipsum'),
(172, 115, 'SIDA', 'neque sed dictum eleifend,', 'Lorem Ipsum'),
(173, 159, 'Grossesse', 'dis', 'Lorem Ipsum'),
(174, 95, 'Cholesterol', 'dui', 'Lorem Ipsum'),
(175, 50, 'Cholesterol', 'commodo hendrerit. Donec', 'Lorem Ipsum'),
(176, 67, 'Cholesterol', 'lectus. Nullam suscipit, est ac', 'Lorem Ipsum'),
(177, 134, 'Grossesse', 'dapibus ligula. Aliquam erat', 'Lorem Ipsum'),
(178, 98, 'Grossesse', 'varius et, euismod et,', 'Lorem Ipsum'),
(179, 132, 'Plaquettes', 'massa. Quisque porttitor eros', 'Lorem Ipsum'),
(180, 163, 'Grossesse', 'ornare, lectus ante dictum', 'Lorem Ipsum'),
(181, 72, 'Cholesterol', 'mattis', 'Lorem Ipsum'),
(182, 32, 'Plaquettes', 'In ornare sagittis felis.', 'Lorem Ipsum'),
(183, 61, 'Grossesse', 'ante', 'Lorem Ipsum'),
(184, 157, 'Cholesterol', 'Fusce fermentum fermentum', 'Lorem Ipsum'),
(185, 172, 'Diabete', 'et netus et malesuada', 'Lorem Ipsum'),
(186, 84, 'Diabete', 'scelerisque neque. Nullam nisl. Maecenas', 'Lorem Ipsum'),
(187, 199, 'Drogues', 'eu,', 'Lorem Ipsum'),
(188, 85, 'Drogues', 'id', 'Lorem Ipsum'),
(189, 184, 'Diabete', 'consectetuer adipiscing', 'Lorem Ipsum'),
(190, 112, 'SIDA', 'tristique', 'Lorem Ipsum'),
(191, 99, 'Diabete', 'posuere cubilia Curae; Phasellus ornare.', 'Lorem Ipsum'),
(192, 16, 'Grossesse', 'Integer vulputate, risus', 'Lorem Ipsum'),
(193, 138, 'Drogues', 'a tortor. Nunc commodo', 'Lorem Ipsum'),
(194, 191, 'Cholesterol', 'libero', 'Lorem Ipsum'),
(195, 112, 'Cholesterol', 'metus eu erat', 'Lorem Ipsum'),
(196, 110, 'Drogues', 'feugiat', 'Lorem Ipsum'),
(197, 143, 'Plaquettes', 'Donec tincidunt. Donec', 'Lorem Ipsum'),
(198, 3, 'Diabete', 'Integer urna.', 'Lorem Ipsum'),
(199, 99, 'SIDA', 'posuere, enim nisl elementum purus,', 'Lorem Ipsum'),
(200, 170, 'Diabete', 'sit amet', 'Lorem Ipsum'),
(201, 127, 'Drogues', 'luctus sit amet, faucibus', 'Lorem Ipsum'),
(202, 89, 'Grossesse', 'dolor sit amet, consectetuer', 'Lorem Ipsum'),
(203, 85, 'Diabete', 'eros nec tellus. Nunc', 'Lorem Ipsum'),
(204, 156, 'SIDA', 'euismod et, commodo at,', 'Lorem Ipsum'),
(205, 82, 'Drogues', 'faucibus leo, in lobortis', 'Lorem Ipsum'),
(206, 167, 'Grossesse', 'nec', 'Lorem Ipsum'),
(207, 191, 'Cholesterol', 'nunc', 'Lorem Ipsum'),
(208, 14, 'SIDA', 'malesuada. Integer id', 'Lorem Ipsum'),
(209, 55, 'Plaquettes', 'dui lectus rutrum urna, nec', 'Lorem Ipsum'),
(210, 193, 'Cholesterol', 'luctus et ultrices', 'Lorem Ipsum'),
(211, 193, 'Cholesterol', 'nibh.', 'Lorem Ipsum'),
(212, 10, 'Grossesse', 'enim mi tempor lorem, eget', 'Lorem Ipsum'),
(213, 91, 'Diabete', 'fringilla cursus purus. Nullam', 'Lorem Ipsum'),
(214, 90, 'Cholesterol', 'massa.', 'Lorem Ipsum'),
(215, 38, 'Grossesse', 'orci lacus', 'Lorem Ipsum'),
(216, 2, 'Diabete', 'amet ornare lectus justo', 'Lorem Ipsum'),
(217, 196, 'Grossesse', 'sem. Pellentesque', 'Lorem Ipsum'),
(218, 113, 'Diabete', 'magna. Ut', 'Lorem Ipsum'),
(219, 76, 'Diabete', 'porta', 'Lorem Ipsum'),
(220, 74, 'Plaquettes', 'Phasellus elit', 'Lorem Ipsum'),
(221, 82, 'Drogues', 'nunc interdum', 'Lorem Ipsum'),
(222, 4, 'Plaquettes', 'at, velit. Cras', 'Lorem Ipsum'),
(223, 112, 'Drogues', 'neque tellus,', 'Lorem Ipsum'),
(224, 118, 'Grossesse', 'ipsum. Curabitur consequat, lectus', 'Lorem Ipsum'),
(225, 130, 'SIDA', 'Sed nunc', 'Lorem Ipsum'),
(226, 83, 'SIDA', 'Proin vel nisl.', 'Lorem Ipsum'),
(227, 33, 'SIDA', 'mauris ut mi. Duis risus', 'Lorem Ipsum'),
(228, 172, 'Grossesse', 'Nulla facilisi. Sed neque. Sed', 'Lorem Ipsum'),
(229, 131, 'Cholesterol', 'Cras', 'Lorem Ipsum'),
(230, 130, 'SIDA', 'a,', 'Lorem Ipsum'),
(231, 196, 'Plaquettes', 'mollis dui, in', 'Lorem Ipsum'),
(232, 40, 'Plaquettes', 'nec urna suscipit', 'Lorem Ipsum'),
(233, 110, 'Cholesterol', 'mauris. Integer', 'Lorem Ipsum'),
(234, 147, 'Grossesse', 'iaculis nec,', 'Lorem Ipsum'),
(235, 27, 'Drogues', 'Donec', 'Lorem Ipsum'),
(236, 99, 'Plaquettes', 'odio, auctor vitae, aliquet nec,', 'Lorem Ipsum'),
(237, 2, 'SIDA', 'eu,', 'Lorem Ipsum'),
(238, 36, 'Plaquettes', 'Aliquam auctor,', 'Lorem Ipsum'),
(239, 135, 'Grossesse', 'Morbi non', 'Lorem Ipsum'),
(240, 34, 'Cholesterol', 'ultrices.', 'Lorem Ipsum'),
(241, 52, 'Diabete', 'cursus, diam', 'Lorem Ipsum'),
(242, 148, 'Plaquettes', 'eu turpis. Nulla aliquet.', 'Lorem Ipsum'),
(243, 198, 'Diabete', 'elit. Etiam laoreet,', 'Lorem Ipsum'),
(244, 151, 'Drogues', 'semper tellus id nunc interdum', 'Lorem Ipsum'),
(245, 63, 'Plaquettes', 'nisi magna sed dui.', 'Lorem Ipsum'),
(246, 153, 'Drogues', 'gravida molestie arcu. Sed', 'Lorem Ipsum'),
(247, 179, 'Grossesse', 'orci lacus vestibulum', 'Lorem Ipsum'),
(248, 130, 'Grossesse', 'in, tempus eu, ligula. Aenean', 'Lorem Ipsum'),
(249, 93, 'Plaquettes', 'Nunc mauris elit,', 'Lorem Ipsum'),
(250, 27, 'Diabete', 'aliquet, sem', 'Lorem Ipsum'),
(251, 89, 'Plaquettes', 'eu, eleifend nec,', 'Lorem Ipsum'),
(252, 125, 'Diabete', 'magna', 'Lorem Ipsum'),
(253, 187, 'Plaquettes', 'dictum mi, ac mattis', 'Lorem Ipsum'),
(254, 93, 'Diabete', 'ac arcu. Nunc', 'Lorem Ipsum'),
(255, 157, 'Plaquettes', 'Fusce dolor', 'Lorem Ipsum'),
(256, 94, 'Grossesse', 'feugiat metus sit', 'Lorem Ipsum'),
(257, 121, 'Drogues', 'aliquet molestie tellus. Aenean', 'Lorem Ipsum'),
(258, 170, 'Plaquettes', 'euismod mauris eu elit.', 'Lorem Ipsum'),
(259, 160, 'Diabete', 'eu eros. Nam', 'Lorem Ipsum'),
(260, 198, 'SIDA', 'eu eros. Nam', 'Lorem Ipsum'),
(261, 176, 'Grossesse', 'sit amet luctus vulputate, nisi', 'Lorem Ipsum'),
(262, 1, 'Grossesse', 'risus. Quisque libero lacus,', 'Lorem Ipsum'),
(263, 84, 'Grossesse', 'lectus', 'Lorem Ipsum'),
(264, 67, 'Grossesse', 'quam', 'Lorem Ipsum'),
(265, 156, 'Plaquettes', 'quis lectus.', 'Lorem Ipsum'),
(266, 2, 'Diabete', 'tortor.', 'Lorem Ipsum'),
(267, 154, 'Diabete', 'et magnis dis parturient', 'Lorem Ipsum'),
(268, 23, 'Cholesterol', 'lobortis', 'Lorem Ipsum'),
(269, 170, 'Diabete', 'libero lacus, varius', 'Lorem Ipsum'),
(270, 164, 'SIDA', 'nostra, per inceptos hymenaeos. Mauris', 'Lorem Ipsum'),
(271, 143, 'Plaquettes', 'sapien', 'Lorem Ipsum'),
(272, 156, 'Cholesterol', 'aliquet', 'Lorem Ipsum'),
(273, 187, 'Cholesterol', 'Nunc ac sem', 'Lorem Ipsum'),
(274, 61, 'Drogues', 'Nullam enim. Sed nulla ante,', 'Lorem Ipsum'),
(275, 162, 'Cholesterol', 'semper', 'Lorem Ipsum'),
(276, 89, 'Drogues', 'neque.', 'Lorem Ipsum'),
(277, 89, 'Diabete', 'velit eget laoreet', 'Lorem Ipsum'),
(278, 83, 'SIDA', 'dictum cursus.', 'Lorem Ipsum'),
(279, 116, 'Diabete', 'mus. Proin', 'Lorem Ipsum'),
(280, 188, 'Grossesse', 'ante bibendum', 'Lorem Ipsum'),
(281, 177, 'Cholesterol', 'Aenean massa.', 'Lorem Ipsum'),
(282, 47, 'Diabete', 'Maecenas', 'Lorem Ipsum'),
(283, 172, 'SIDA', 'leo. Vivamus nibh dolor,', 'Lorem Ipsum'),
(284, 78, 'SIDA', 'quis', 'Lorem Ipsum'),
(285, 191, 'Grossesse', 'Ut nec urna et', 'Lorem Ipsum'),
(286, 144, 'Grossesse', 'vitae', 'Lorem Ipsum'),
(287, 150, 'Plaquettes', 'non lorem vitae odio sagittis', 'Lorem Ipsum'),
(288, 79, 'SIDA', 'ac', 'Lorem Ipsum'),
(289, 55, 'Diabete', 'velit eget laoreet posuere,', 'Lorem Ipsum'),
(290, 92, 'Drogues', 'Morbi non sapien molestie orci', 'Lorem Ipsum'),
(291, 67, 'Grossesse', 'Cras vehicula aliquet', 'Lorem Ipsum'),
(292, 90, 'Drogues', 'Nam', 'Lorem Ipsum'),
(293, 90, 'Grossesse', 'vel, vulputate', 'Lorem Ipsum'),
(294, 126, 'Grossesse', 'interdum. Sed auctor odio', 'Lorem Ipsum'),
(295, 18, 'Plaquettes', 'Sed molestie.', 'Lorem Ipsum'),
(296, 199, 'Cholesterol', 'diam vel arcu. Curabitur ut', 'Lorem Ipsum'),
(297, 56, 'Drogues', 'Nunc mauris elit,', 'Lorem Ipsum'),
(298, 163, 'Grossesse', 'posuere, enim nisl', 'Lorem Ipsum'),
(299, 8, 'Cholesterol', 'enim. Mauris', 'Lorem Ipsum'),
(300, 112, 'SIDA', 'Mauris vel turpis. Aliquam adipiscing', 'Lorem Ipsum'),
(301, 99, 'Plaquettes', 'accumsan laoreet ipsum. Curabitur', 'Lorem Ipsum'),
(302, 194, 'Plaquettes', 'felis orci, adipiscing', 'Lorem Ipsum'),
(303, 174, 'Diabete', 'pede. Praesent', 'Lorem Ipsum'),
(304, 71, 'Drogues', 'erat volutpat. Nulla dignissim.', 'Lorem Ipsum'),
(305, 79, 'Cholesterol', 'facilisi. Sed', 'Lorem Ipsum'),
(306, 117, 'SIDA', 'quis', 'Lorem Ipsum'),
(307, 92, 'Drogues', 'Duis', 'Lorem Ipsum'),
(308, 58, 'Grossesse', 'auctor, nunc nulla vulputate dui,', 'Lorem Ipsum'),
(309, 157, 'Plaquettes', 'non massa non ante bibendum', 'Lorem Ipsum'),
(310, 46, 'Cholesterol', 'adipiscing. Mauris molestie', 'Lorem Ipsum'),
(311, 83, 'SIDA', 'ultrices iaculis odio.', 'Lorem Ipsum'),
(312, 185, 'Diabete', 'et magnis', 'Lorem Ipsum'),
(313, 156, 'SIDA', 'at auctor ullamcorper, nisl arcu', 'Lorem Ipsum'),
(314, 158, 'Grossesse', 'lectus rutrum urna, nec', 'Lorem Ipsum'),
(315, 18, 'Cholesterol', 'vel turpis. Aliquam adipiscing', 'Lorem Ipsum'),
(316, 178, 'Drogues', 'erat volutpat. Nulla facilisis.', 'Lorem Ipsum'),
(317, 43, 'Drogues', 'convallis dolor. Quisque', 'Lorem Ipsum'),
(318, 155, 'Grossesse', 'Mauris magna. Duis', 'Lorem Ipsum'),
(319, 2, 'Plaquettes', 'Donec', 'Lorem Ipsum'),
(320, 35, 'Drogues', 'Suspendisse aliquet,', 'Lorem Ipsum'),
(321, 93, 'Drogues', 'facilisis non, bibendum', 'Lorem Ipsum'),
(322, 157, 'Diabete', 'vel, faucibus id, libero.', 'Lorem Ipsum'),
(323, 53, 'Diabete', 'erat. Vivamus nisi. Mauris', 'Lorem Ipsum'),
(324, 40, 'SIDA', 'cursus luctus,', 'Lorem Ipsum'),
(325, 169, 'SIDA', 'parturient montes, nascetur', 'Lorem Ipsum'),
(326, 68, 'Diabete', 'Etiam gravida molestie arcu.', 'Lorem Ipsum'),
(327, 183, 'Cholesterol', 'ante. Maecenas mi felis, adipiscing', 'Lorem Ipsum'),
(328, 144, 'Grossesse', 'et magnis', 'Lorem Ipsum'),
(329, 62, 'Plaquettes', 'eu, ligula. Aenean', 'Lorem Ipsum'),
(330, 181, 'Diabete', 'lorem', 'Lorem Ipsum'),
(331, 100, 'Grossesse', 'semper erat, in consectetuer', 'Lorem Ipsum'),
(332, 142, 'Diabete', 'odio', 'Lorem Ipsum'),
(333, 142, 'SIDA', 'molestie tortor nibh', 'Lorem Ipsum'),
(334, 38, 'Grossesse', 'erat vel pede', 'Lorem Ipsum'),
(335, 114, 'Plaquettes', 'magna.', 'Lorem Ipsum'),
(336, 31, 'Grossesse', 'mollis. Phasellus libero', 'Lorem Ipsum'),
(337, 95, 'Drogues', 'ultricies dignissim lacus. Aliquam', 'Lorem Ipsum'),
(338, 179, 'SIDA', 'enim diam vel', 'Lorem Ipsum'),
(339, 81, 'Diabete', 'Duis dignissim tempor arcu. Vestibulum', 'Lorem Ipsum'),
(340, 37, 'SIDA', 'lacus.', 'Lorem Ipsum'),
(341, 56, 'Cholesterol', 'Integer aliquam adipiscing', 'Lorem Ipsum'),
(342, 123, 'Diabete', 'convallis ligula.', 'Lorem Ipsum'),
(343, 81, 'Grossesse', 'orci luctus et ultrices', 'Lorem Ipsum'),
(344, 106, 'SIDA', 'libero. Donec consectetuer mauris id', 'Lorem Ipsum'),
(345, 128, 'Drogues', 'laoreet', 'Lorem Ipsum'),
(346, 135, 'Cholesterol', 'ac ipsum. Phasellus vitae mauris', 'Lorem Ipsum'),
(347, 6, 'Drogues', 'dui, in', 'Lorem Ipsum'),
(348, 133, 'Grossesse', 'neque. Nullam ut nisi a', 'Lorem Ipsum'),
(349, 94, 'SIDA', 'egestas,', 'Lorem Ipsum'),
(350, 131, 'Drogues', 'eu, ligula.', 'Lorem Ipsum'),
(351, 66, 'Diabete', 'tincidunt', 'Lorem Ipsum'),
(352, 112, 'Plaquettes', 'Aliquam auctor,', 'Lorem Ipsum'),
(353, 92, 'Diabete', 'hendrerit.', 'Lorem Ipsum'),
(354, 128, 'Diabete', 'turpis egestas. Fusce aliquet magna', 'Lorem Ipsum'),
(355, 162, 'Cholesterol', 'Donec', 'Lorem Ipsum'),
(356, 103, 'Grossesse', 'Integer id magna et ipsum', 'Lorem Ipsum'),
(357, 51, 'Diabete', 'sapien,', 'Lorem Ipsum'),
(358, 93, 'Plaquettes', 'pede sagittis augue, eu tempor', 'Lorem Ipsum'),
(359, 73, 'Grossesse', 'molestie', 'Lorem Ipsum'),
(360, 169, 'Diabete', 'parturient montes, nascetur', 'Lorem Ipsum'),
(361, 154, 'Plaquettes', 'porta elit, a feugiat', 'Lorem Ipsum'),
(362, 166, 'Diabete', 'nunc interdum', 'Lorem Ipsum'),
(363, 184, 'Plaquettes', 'Aliquam', 'Lorem Ipsum'),
(364, 51, 'SIDA', 'ornare. In', 'Lorem Ipsum'),
(365, 172, 'SIDA', 'enim nec tempus', 'Lorem Ipsum'),
(366, 33, 'Drogues', 'et, lacinia vitae, sodales at,', 'Lorem Ipsum'),
(367, 158, 'Diabete', 'Etiam ligula tortor,', 'Lorem Ipsum'),
(368, 175, 'Grossesse', 'sed, hendrerit a, arcu. Sed', 'Lorem Ipsum'),
(369, 193, 'Grossesse', 'tempor arcu.', 'Lorem Ipsum'),
(370, 157, 'Diabete', 'sit amet lorem', 'Lorem Ipsum'),
(371, 32, 'Drogues', 'Sed eu eros. Nam', 'Lorem Ipsum'),
(372, 49, 'SIDA', 'ornare placerat, orci lacus vestibulum', 'Lorem Ipsum'),
(373, 19, 'Plaquettes', 'Donec', 'Lorem Ipsum'),
(374, 65, 'Diabete', 'tempor arcu. Vestibulum', 'Lorem Ipsum'),
(375, 181, 'Cholesterol', 'mollis lectus pede', 'Lorem Ipsum'),
(376, 121, 'Grossesse', 'Aenean egestas hendrerit neque. In', 'Lorem Ipsum'),
(377, 49, 'Drogues', 'ipsum. Suspendisse non leo.', 'Lorem Ipsum'),
(378, 196, 'Grossesse', 'vel sapien imperdiet', 'Lorem Ipsum'),
(379, 82, 'SIDA', 'felis ullamcorper viverra.', 'Lorem Ipsum'),
(380, 77, 'Drogues', 'est arcu ac orci.', 'Lorem Ipsum'),
(381, 129, 'Diabete', 'interdum. Nunc sollicitudin commodo', 'Lorem Ipsum'),
(382, 129, 'Cholesterol', 'enim, gravida sit amet, dapibus', 'Lorem Ipsum'),
(383, 96, 'Drogues', 'eros. Proin ultrices. Duis volutpat', 'Lorem Ipsum'),
(384, 190, 'Plaquettes', 'mattis semper, dui lectus', 'Lorem Ipsum'),
(385, 66, 'Plaquettes', 'nunc,', 'Lorem Ipsum'),
(386, 193, 'Plaquettes', 'nisi a odio semper', 'Lorem Ipsum'),
(387, 33, 'SIDA', 'urna. Ut tincidunt', 'Lorem Ipsum'),
(388, 75, 'Plaquettes', 'iaculis enim, sit', 'Lorem Ipsum'),
(389, 62, 'Diabete', 'accumsan sed, facilisis vitae, orci.', 'Lorem Ipsum'),
(390, 135, 'Grossesse', 'vitae,', 'Lorem Ipsum'),
(391, 129, 'Drogues', 'mattis velit justo nec', 'Lorem Ipsum'),
(392, 92, 'Grossesse', 'molestie. Sed id risus', 'Lorem Ipsum'),
(393, 44, 'Diabete', 'lacinia vitae, sodales at, velit.', 'Lorem Ipsum'),
(394, 86, 'SIDA', 'aliquam eu,', 'Lorem Ipsum'),
(395, 41, 'Cholesterol', 'et ultrices', 'Lorem Ipsum'),
(396, 83, 'Drogues', 'Cras lorem lorem, luctus', 'Lorem Ipsum'),
(397, 76, 'Diabete', 'ornare, elit', 'Lorem Ipsum'),
(398, 18, 'Grossesse', 'mi tempor lorem,', 'Lorem Ipsum'),
(399, 192, 'Diabete', 'pede. Nunc sed orci lobortis', 'Lorem Ipsum'),
(400, 69, 'Grossesse', 'vehicula', 'Lorem Ipsum');

-- --------------------------------------------------------

--
-- Structure de la table `medecin`
--

CREATE TABLE `medecin` (
  `idMedecin` int(11) NOT NULL,
  `nom` varchar(30) DEFAULT NULL,
  `prenom` varchar(30) DEFAULT NULL,
  `email` varchar(30) DEFAULT NULL,
  `password` varchar(30) DEFAULT NULL
) ENGINE=InnoDB DEFAULT CHARSET=utf8;

--
-- Déchargement des données de la table `medecin`
--

INSERT INTO `medecin` (`idMedecin`, `nom`, `prenom`, `email`, `password`) VALUES
(1, 'Bocquet', 'Bill', 'mail@mail.com', 'password'),
(2, 'Curry', 'Hanna', 'Cum@mattisornarelectus.com', 'password'),
(3, 'Leon', 'Xantha', 'Praesent@parturient.com', 'password'),
(4, 'Leach', 'Lunea', 'eget@adipiscing.edu', 'password'),
(5, 'Levine', 'Travis', 'Duis@arcuMorbisit.net', 'password'),
(6, 'Mayer', 'Risa', 'Donec@dapibus.org', 'password'),
(7, 'Woodard', 'Summer', 'odio.Etiam@penatibus.co.uk', 'password'),
(8, 'Bridges', 'Rebekah', 'Nullam@Maurisvelturpis.edu', 'password'),
(9, 'Contreras', 'Adam', 'tellus@anteipsumprimis.com', 'password'),
(10, 'Simpson', 'Hilel', 'auctor@purusinmolestie.com', 'password'),
(11, 'Rivas', 'Ray', 'mus@mitemporlorem.co.uk', 'password'),
(12, 'Shelton', 'Yen', 'Duis@malesuada.ca', 'password'),
(13, 'Dunlap', 'Bevis', 'congue@telluslorem.co.uk', 'password'),
(14, 'Hess', 'Serina', 'quis@dolor.org', 'password'),
(15, 'Gibbs', 'Dale', 'semper.Nam@iaculis.net', 'password'),
(16, 'Gregory', 'Jason', 'enim@velvulputateeu.com', 'password'),
(17, 'Preston', 'Nyssa', 'leo.in.lobortis@Nunc.net', 'password'),
(18, 'Madden', 'Inez', 'dis.parturient@rhoncus.edu', 'password'),
(19, 'Hendrix', 'Ahmed', 'ac@euodio.co.uk', 'password'),
(20, 'Booth', 'Slade', 'congue.a@adipiscingMauris.net', 'password'),
(21, 'Walters', 'Georgia', 'libero@nonluctussit.co.uk', 'password'),
(22, 'Banks', 'Quintessa', 'mi.eleifend@arcuSedeu.edu', 'password'),
(23, 'Rush', 'Xantha', 'Praesent@pede.ca', 'password'),
(24, 'Mclean', 'Finn', 'sed@liberoProin.org', 'password'),
(25, 'Morgan', 'Akeem', 'Sed@tempus.org', 'password'),
(26, 'Dunlap', 'Chastity', 'tortor@ac.net', 'password'),
(27, 'Hawkins', 'Macaulay', 'vel.mauris@adipiscingnon.com', 'password'),
(28, 'Santiago', 'Carlos', 'elit@velesttempor.ca', 'password'),
(29, 'Hardy', 'Hollee', 'amet@Praesentluctus.org', 'password'),
(30, 'Mcdonald', 'Jermaine', 'elit.Nulla@pretium.edu', 'password'),
(31, 'Frank', 'Lillian', 'mi.lorem@sociis.org', 'password'),
(32, 'Willis', 'Hakeem', 'dui.semper@ultricesDuis.com', 'password'),
(33, 'Kirkland', 'Halee', 'non.bibendum@elementumat.edu', 'password'),
(34, 'Carson', 'Phyllis', 'eros.nec@Aliquam.org', 'password'),
(35, 'Mcmahon', 'Ashton', 'auctor.velit@laoreetipsum.com', 'password');

-- --------------------------------------------------------

--
-- Structure de la table `patient`
--

CREATE TABLE `patient` (
  `idPatient` int(11) NOT NULL,
  `nom` varchar(30) DEFAULT NULL,
  `prenom` varchar(30) DEFAULT NULL,
  `sexe` varchar(1) DEFAULT NULL,
  `age` int(11) DEFAULT NULL,
  `email` varchar(70) DEFAULT NULL,
  `password` varchar(30) DEFAULT NULL,
  `num_secu` varchar(60) DEFAULT NULL
) ENGINE=InnoDB DEFAULT CHARSET=utf8;

--
-- Déchargement des données de la table `patient`
--

INSERT INTO `patient` (`idPatient`, `nom`, `prenom`, `sexe`, `age`, `email`, `password`, `num_secu`) VALUES
(1, 'Parrish', 'Declan', 'F', 27, 'vitae@Uttinciduntorci.co.uk', 'password', 'B8F07987-4E52-A9E3-4073-8DF0F3B63780'),
(2, 'Page', 'Harper', 'M', 17, 'elit@porttitor.com', 'password', '3D779392-D53B-B4AC-302D-6EAC7A1F62BE'),
(3, 'Lowe', 'Carson', 'F', 34, 'luctus@convalliserat.ca', 'password', '4C369F71-1010-721D-D42F-2B93CCFFA373'),
(4, 'Herrera', 'Regan', 'M', 42, 'turpis@nuncIn.net', 'password', '3F8A3245-182C-99C0-2B91-9EFC22BB8755'),
(5, 'Beard', 'Alyssa', 'M', 35, 'magna.Lorem.ipsum@molestie.co.uk', 'password', 'D9EEAE3E-7B9B-30C2-F585-27A7233EBEAC'),
(6, 'Savage', 'Amery', 'F', 50, 'arcu@maurissagittis.com', 'password', 'DE49DC92-B300-B9AD-0C61-48196F0DB51F'),
(7, 'Wynn', 'Lana', 'F', 43, 'neque.vitae@velarcu.com', 'password', 'BCADC9B7-5812-519D-6D67-4FDEE7CBEEB7'),
(8, 'Morin', 'Robert', 'M', 52, 'ultrices.sit@scelerisque.ca', 'password', '4FB666D4-CA24-FFDD-D3FB-9839887420E7'),
(9, 'Dejesus', 'Nicole', 'M', 17, 'a.feugiat@tinciduntcongue.net', 'password', '858BEA16-4908-E3AB-804D-9B6E3987A508'),
(10, 'Booker', 'Molly', 'F', 29, 'commodo@egestaslacinia.net', 'password', 'F4ECB68E-2AB3-25C9-19D9-F5AE1F2A890D'),
(11, 'Hooper', 'Zachary', 'F', 18, 'semper.rutrum.Fusce@nuncestmollis.net', 'password', '936437A0-A584-064F-D4DF-F8DB20ED7A59'),
(12, 'Hammond', 'Laurel', 'F', 45, 'magnis@eu.edu', 'password', 'B818C553-C8A9-8D7D-B118-643F204D4D35'),
(13, 'Robinson', 'Alec', 'M', 44, 'gravida@augueutlacus.net', 'password', '343F34DF-94D5-6420-567B-6CA391785550'),
(14, 'Barron', 'Brett', 'M', 49, 'rutrum@Vivamus.net', 'password', 'FFDBA739-86E4-AB0E-CE61-E84D28756ED5'),
(15, 'Blake', 'Colleen', 'F', 23, 'sagittis.augue@risusNuncac.co.uk', 'password', 'FE3EAC43-F5CC-D15B-9D6A-6113C36D4DDB'),
(16, 'Sanchez', 'Neville', 'F', 35, 'ipsum@eratVivamusnisi.net', 'password', 'E5F7B2F9-E0E9-8EF8-1C52-845DC7DD5B39'),
(17, 'Lawrence', 'Shafira', 'M', 15, 'at.sem.molestie@aliquet.org', 'password', 'B0E730CB-0A1E-1389-B5A0-3DAA79C2C63B'),
(18, 'Stephenson', 'Blake', 'F', 11, 'leo@Donecluctus.org', 'password', '0FC3AA4D-B6D9-FD8E-F7BA-9F2DD599378F'),
(19, 'Olsen', 'Roary', 'M', 25, 'tellus.Aenean@dictumeueleifend.net', 'password', '30BC5AC0-4055-1444-3046-39A427DBDC46'),
(20, 'Vazquez', 'Jemima', 'F', 17, 'aliquam.adipiscing.lacus@erosnon.ca', 'password', '5254B76F-3D2D-B297-7E82-43417AD7D920'),
(21, 'Nelson', 'Charissa', 'F', 24, 'Donec@etmalesuada.edu', 'password', '952ED4D9-C072-817D-CB6A-323B1E763A2C'),
(22, 'Wong', 'Jared', 'M', 27, 'arcu@duiSuspendisseac.co.uk', 'password', 'ABF3C6F1-33FC-0F60-8C15-5C32B46B9378'),
(23, 'Lawrence', 'Tara', 'M', 50, 'ultricies.ligula@orci.co.uk', 'password', 'F88C2CC1-2DCF-3061-2092-3333DDBA0DD1'),
(24, 'Albert', 'Carlos', 'F', 49, 'cursus.Nunc@nonjusto.net', 'password', 'B6C42211-5DB0-1D48-C8BD-D62696597FA4'),
(25, 'Barlow', 'Vladimir', 'F', 38, 'egestas@etpedeNunc.edu', 'password', 'ACB9836F-A02E-9742-7B15-1E4FE552950E'),
(26, 'Stephenson', 'Eleanor', 'F', 37, 'Ut@sedturpisnec.ca', 'password', '9651C694-8987-32F6-2001-E314DAA3B0DB'),
(27, 'Zimmerman', 'Gavin', 'M', 32, 'nec@Crasvulputatevelit.co.uk', 'password', '66C1F582-4208-5D7F-7857-0955A7D8B2A4'),
(28, 'Nielsen', 'Joshua', 'M', 10, 'justo@nuncullamcorper.edu', 'password', '333B47AD-111F-BE1F-3C39-3621ECCD5790'),
(29, 'Gardner', 'Jacqueline', 'F', 25, 'dapibus.ligula.Aliquam@lobortismauris.co.uk', 'password', 'D2C9726B-36CD-A075-D0D4-4C2760523E9C'),
(30, 'Schwartz', 'Dawn', 'F', 18, 'velit@nuncsed.net', 'password', 'B2526C0F-9DC8-D39B-B726-3FA60894EB84'),
(31, 'Mitchell', 'Gabriel', 'F', 57, 'sociis.natoque@at.co.uk', 'password', 'F2AFC2E6-18DA-1588-640B-A9D14403241E'),
(32, 'Irwin', 'Hyacinth', 'M', 15, 'montes.nascetur.ridiculus@estMauriseu.edu', 'password', '767B2CE7-2520-AA7A-AD5E-E59446C763DB'),
(33, 'Davenport', 'Chester', 'F', 25, 'consequat@acturpis.com', 'password', '3A14683C-38FC-6CA1-73DB-880FB4BD9386'),
(34, 'Dotson', 'Castor', 'F', 20, 'ut.nisi.a@gravida.org', 'password', '1B58AC5F-4885-0064-C23C-DDD870EB6A86'),
(35, 'Goff', 'Wyatt', 'M', 32, 'quam.dignissim@nonummyac.net', 'password', '73037E8F-64C7-822F-CC1F-13E49B9BD803'),
(36, 'Preston', 'Branden', 'M', 37, 'lorem.luctus.ut@malesuadafames.net', 'password', '3260EF09-1BAA-F38D-80F6-FEAC14670BDC'),
(37, 'Salazar', 'Summer', 'M', 39, 'tempus@nonummyac.ca', 'password', '753028CC-F619-2DCE-CFA1-1B19DC6825A5'),
(38, 'Kidd', 'Leigh', 'M', 17, 'sociis.natoque@iaculisenimsit.co.uk', 'password', '3057E3CD-027D-1191-4026-2FA801A5E17D'),
(39, 'Hutchinson', 'Abra', 'M', 59, 'nascetur.ridiculus@Fusce.edu', 'password', '894F4920-C1C7-DF87-21CB-D361AA0C4CAB'),
(40, 'Waller', 'Brenden', 'F', 36, 'Vestibulum.ante@dignissim.edu', 'password', '33775973-EA67-7C39-7ACA-764E764C0ABB'),
(41, 'Vinson', 'Rina', 'M', 26, 'orci.consectetuer@luctus.net', 'password', '4D17D7C8-3A17-4FAD-6E7A-3BA2AD676F7D'),
(42, 'Wright', 'Baker', 'M', 29, 'leo.Vivamus@quisturpisvitae.net', 'password', '1590C992-10FF-E394-6098-289B41E6CCE3'),
(43, 'Hines', 'Xerxes', 'M', 56, 'et.magna.Praesent@Aeneaneget.net', 'password', '3FFDF1DB-2B67-9AD3-447D-FD16E8B03C95'),
(44, 'Roberson', 'Quintessa', 'M', 30, 'tellus@fringillapurusmauris.org', 'password', 'A59BC832-3F67-C7DE-3A07-4E24DDB52EEB'),
(45, 'Wells', 'Devin', 'M', 59, 'non@Proin.co.uk', 'password', 'BFF362C0-1264-DB30-2758-0F46B57B8BF1'),
(46, 'Bowman', 'Hammett', 'F', 51, 'eu.odio@vitaerisusDuis.edu', 'password', 'B96DEC5A-A085-4B0C-2D1E-CBBCE73EA1D0'),
(47, 'Pierce', 'Angelica', 'M', 51, 'ligula.elit.pretium@fermentumconvallisligula.org', 'password', 'C6FAC733-E666-07EC-9BC9-BAB5DEC5AD29'),
(48, 'Valentine', 'Gabriel', 'M', 36, 'Donec.feugiat.metus@arcuMorbi.org', 'password', '9C8C0516-82E4-B8F3-3461-C5875C7E3A60'),
(49, 'Skinner', 'Hoyt', 'F', 18, 'ipsum.Phasellus.vitae@elitsed.org', 'password', 'A2894AA9-D0D5-15E9-83D1-46764F9327B5'),
(50, 'Roberts', 'Quinlan', 'F', 37, 'molestie.arcu.Sed@Nullam.org', 'password', '384CBD06-4886-B4BC-6E37-C8ACD8B3A2A6'),
(51, 'Medina', 'Rebekah', 'F', 18, 'Nulla.semper.tellus@pretiumetrutrum.com', 'password', 'F3A6B4D8-5ED1-AB89-AC00-D46DE3684BE1'),
(52, 'Newton', 'Forrest', 'F', 50, 'vel.faucibus.id@duilectusrutrum.edu', 'password', '2A1FA7FA-806C-01AB-34D3-88F50415F0CC'),
(53, 'Morgan', 'Noel', 'F', 12, 'et.ipsum.cursus@iaculis.org', 'password', 'E65F9DFD-7E1E-D137-88BA-BE541F05C8AF'),
(54, 'Rios', 'Lisandra', 'M', 21, 'elit.pede@sagittis.org', 'password', '7385DCB2-A045-8358-105E-970571673582'),
(55, 'Suarez', 'Reese', 'M', 26, 'dui.quis.accumsan@cursus.net', 'password', '110EE4AF-8C6B-B5B0-076B-3737CC0FE0C1'),
(56, 'Freeman', 'Macey', 'F', 60, 'turpis@Fuscediamnunc.edu', 'password', '77BB3A88-FB05-FD7D-2A0E-C460F8579D32'),
(57, 'Steele', 'Rose', 'M', 58, 'et@sapiencursusin.co.uk', 'password', '2F3F767B-0A20-3E2E-CD26-9E5C0EEC2ED7'),
(58, 'Drake', 'Brian', 'F', 29, 'Nunc@fringillaornareplacerat.org', 'password', '519A6725-4F00-B304-6A9F-96AF992820B2'),
(59, 'Puckett', 'Ivan', 'M', 44, 'a.arcu@cursuseteros.co.uk', 'password', 'F0637C76-3452-330D-D951-A029DA97137A'),
(60, 'Mckee', 'Dakota', 'F', 51, 'ligula.Aenean.euismod@sedorcilobortis.org', 'password', '25A2FE0B-8116-7B41-73BB-8831D63A94B7'),
(61, 'Townsend', 'Baxter', 'M', 47, 'pede.Suspendisse@sapienmolestieorci.ca', 'password', 'A44571D9-8752-D585-8B7F-5E0DA973717E'),
(62, 'Donovan', 'Unity', 'F', 12, 'nulla@vel.co.uk', 'password', 'DABCD18B-73D8-4ACB-57F4-2854D311BDB5'),
(63, 'Cobb', 'Aurelia', 'F', 45, 'Duis.a.mi@risusodio.ca', 'password', '0245B44B-785E-955B-EBC9-01E53DB826F4'),
(64, 'Blevins', 'Iona', 'F', 31, 'Curabitur.massa.Vestibulum@tristiquealiquetPhasellus.com', 'password', '719B310B-EFDE-D7AE-2939-B996DFF6E83E'),
(65, 'Delaney', 'Juliet', 'M', 31, 'vel@doloregestasrhoncus.edu', 'password', 'B8352EFB-7010-370B-8FB0-4375E1147A0C'),
(66, 'Walker', 'Reece', 'M', 34, 'venenatis.lacus.Etiam@euismod.net', 'password', 'AEC67DB1-397E-18F8-0749-6D281686821C'),
(67, 'Nichols', 'Armand', 'M', 40, 'diam@molestiearcu.ca', 'password', '4A7E99B2-88B1-59B4-EDD3-F130C1D0306A'),
(68, 'Love', 'Alisa', 'F', 38, 'netus.et@nunc.org', 'password', 'D46D7BB5-AA03-BCC0-6428-B941C2E01FBB'),
(69, 'Horton', 'Indira', 'F', 27, 'id.enim@Duiselementum.com', 'password', 'BB73F9DB-81E3-0A22-BF69-A001C24F3983'),
(70, 'Lowe', 'Knox', 'M', 14, 'ante.iaculis@pellentesquetellus.com', 'password', '93A1C080-07A4-F34B-1CA0-5268EA6AF459'),
(71, 'Wilkinson', 'Mannix', 'M', 23, 'luctus.felis.purus@faucibusMorbi.com', 'password', '4BD53B34-7669-4339-3AC8-3305377CBE9E'),
(72, 'Dotson', 'Geoffrey', 'F', 55, 'placerat.orci.lacus@aliquetdiamSed.net', 'password', '3AB6202B-2CD5-6DC5-FCAA-68128C250131'),
(73, 'Waters', 'Addison', 'M', 55, 'varius.Nam.porttitor@et.co.uk', 'password', 'E5B4D2A6-39A8-F793-EEBB-6F0946FE47F2'),
(74, 'Bishop', 'Tashya', 'M', 34, 'nec@elit.edu', 'password', '65DA0626-1998-7A76-BAB5-E0C7CDB5D2AD'),
(75, 'Strickland', 'Brian', 'M', 13, 'ante.dictum@neccursusa.co.uk', 'password', '1EEE03AF-902D-CF02-C1CB-73F686C033C4'),
(76, 'Burton', 'Jared', 'M', 43, 'dictum.sapien.Aenean@egetvenenatisa.org', 'password', 'B0713845-F485-DE13-15F5-52E5CB12ABCF'),
(77, 'David', 'Len', 'M', 14, 'feugiat.Lorem.ipsum@ipsumsodalespurus.net', 'password', '70C5DD50-1D38-1B2E-57BE-C02104B9A0E1'),
(78, 'James', 'Asher', 'M', 54, 'mollis@Suspendisse.org', 'password', 'F1C5DCD2-1E55-E2DB-757E-43D9A3D29900'),
(79, 'Knox', 'Lev', 'F', 45, 'leo.in@auctorodioa.co.uk', 'password', 'BFF6BFC7-D8FA-7141-4335-9BD28BC7C8FF'),
(80, 'Mathews', 'Silas', 'M', 54, 'malesuada.fames@Duisac.org', 'password', 'B2F8876D-BA01-34A3-68B1-DB7FF17863C0'),
(81, 'Garner', 'Aristotle', 'F', 33, 'in@Cras.edu', 'password', '728E8882-C711-0B3E-4009-CF924C6C7C5D'),
(82, 'Goodwin', 'Rebecca', 'M', 49, 'tempus@Morbi.co.uk', 'password', 'D9529D53-D1E4-7926-D06F-8C25BB8BB3B7'),
(83, 'Butler', 'Ivor', 'F', 49, 'ac@nisinibhlacinia.ca', 'password', '5BC4334C-147F-12CB-751D-3B74A8E748AF'),
(84, 'Owen', 'Bruno', 'F', 48, 'in.felis.Nulla@sodales.ca', 'password', '2942AE5E-CF70-6DA6-03A6-2303C301723D'),
(85, 'Bender', 'Igor', 'F', 43, 'varius@auctorullamcorpernisl.net', 'password', '9C8BB37F-47FC-4978-1E22-753293DDCCE2'),
(86, 'Joyce', 'Vanna', 'F', 50, 'eu@sempertellus.co.uk', 'password', '55B9110B-6694-5999-6887-FF61A2E75D62'),
(87, 'Bird', 'Porter', 'F', 17, 'per.conubia@adipiscingelit.co.uk', 'password', '3D24ED23-FE65-4766-EF81-0C55716D1359'),
(88, 'Lindsay', 'Kiayada', 'F', 17, 'imperdiet.nec@Sed.edu', 'password', 'B52FF318-173C-D13D-5DFF-298A30C5B731'),
(89, 'West', 'Mark', 'F', 41, 'eget.venenatis@semsemper.org', 'password', 'A73BF2E4-FBBE-FCE8-9F89-49E6291576F2'),
(90, 'Byrd', 'Rylee', 'F', 20, 'lobortis.Class@etmagnis.net', 'password', '0A2EE27D-7B08-6026-6ED8-3F63E9D8344C'),
(91, 'Manning', 'Bethany', 'M', 49, 'gravida@suscipitestac.org', 'password', '5C5AF69F-DDF6-6F7D-712D-B43226592951'),
(92, 'Edwards', 'Amir', 'F', 15, 'molestie@egestas.edu', 'password', 'F7A99E2B-4ECD-A44D-E07E-F68B149776E9'),
(93, 'Lopez', 'Adele', 'M', 56, 'arcu.Sed.et@lectusa.org', 'password', 'E1C601D5-6A06-E353-313F-E1B368B6C341'),
(94, 'Hawkins', 'Brady', 'M', 27, 'euismod.et@vitaesodales.edu', 'password', 'A88FEDB8-4523-24D5-3759-B3B89B6EB1BD'),
(95, 'Lara', 'Ahmed', 'F', 23, 'pede.Nunc.sed@Intinciduntcongue.ca', 'password', 'D85DC9F0-107C-DD89-6CDF-0B45762ED251'),
(96, 'Brooks', 'Colin', 'M', 42, 'blandit.Nam@tempor.ca', 'password', '221F992A-50A5-A2DA-F32A-7938CD0AE11E'),
(97, 'Whitehead', 'Wing', 'M', 34, 'non@laoreetposuere.org', 'password', '755D289F-7994-0EC3-4B19-C91FE7172E45'),
(98, 'Kennedy', 'Graiden', 'M', 40, 'Nunc@molestie.org', 'password', '00845102-5E61-A4E8-3FFA-C56949D6837F'),
(99, 'Owens', 'Renee', 'F', 19, 'mauris.sagittis@ornarefacilisis.co.uk', 'password', '74F55F11-29A8-B700-44AD-EEE2ABDD2E87'),
(100, 'King', 'Vladimir', 'F', 25, 'est.Nunc.ullamcorper@at.org', 'password', 'EA2A1824-B4E9-65F2-72B0-773B2BCB4A48'),
(101, 'Lenfant', 'Thomas', 'M', 21, 'tlenfant@yahoo.fr', 'password', '987071024'),
(102, 'Regaud', 'Amélie', 'F', 22, 'ameliergd@mail.com', 'password', '89708710274793914'),
(103, 'Bon', 'Jean', 'M', 32, 'jambon@bayonne.fr', 'password', '98701837047102975497'),
(104, 'Montagne', 'Gilbert', 'M', 60, 'gigi@mail.com', 'password', '98709709812987124809127081659861365');

-- --------------------------------------------------------

--
-- Structure de la table `prelevement`
--

CREATE TABLE `prelevement` (
  `idPrelevement` int(11) NOT NULL,
  `idPatient` int(11) NOT NULL,
  `idMedecin` int(11) NOT NULL,
  `datePrel` date NOT NULL,
  `typePrel` varchar(50) NOT NULL
) ENGINE=InnoDB DEFAULT CHARSET=utf8;

--
-- Déchargement des données de la table `prelevement`
--

INSERT INTO `prelevement` (`idPrelevement`, `idPatient`, `idMedecin`, `datePrel`, `typePrel`) VALUES
(1, 71, 8, '2018-03-29', 'Peaux'),
(2, 61, 34, '2018-10-07', 'Selles'),
(3, 55, 34, '2018-07-17', 'Peaux'),
(4, 73, 5, '2016-11-15', 'Vaginal'),
(5, 32, 32, '2017-02-25', 'Cheveux'),
(6, 95, 9, '2017-02-23', 'Sang'),
(7, 32, 21, '2018-01-31', 'Sang'),
(8, 41, 28, '2018-07-05', 'Selles'),
(9, 53, 18, '2018-09-27', 'Sang'),
(10, 75, 28, '2018-03-11', 'Selles'),
(11, 51, 1, '2018-05-04', 'Selles'),
(12, 30, 21, '2017-03-16', 'Urine'),
(13, 22, 22, '2017-10-24', 'Peaux'),
(14, 82, 21, '2017-08-03', 'Sang'),
(15, 27, 6, '2018-07-04', 'Peaux'),
(16, 89, 24, '2017-07-26', 'Peaux'),
(17, 49, 4, '2018-07-21', 'Peaux'),
(18, 61, 11, '2017-11-15', 'Selles'),
(19, 7, 9, '2018-06-20', 'Sang'),
(20, 44, 24, '2018-09-09', 'Peaux'),
(21, 64, 26, '2018-05-21', 'Selles'),
(22, 69, 16, '2018-05-15', 'Peaux'),
(23, 8, 17, '2017-07-22', 'Cheveux'),
(24, 69, 17, '2017-08-23', 'Salive'),
(25, 12, 4, '2017-09-21', 'Cheveux'),
(26, 54, 9, '2018-08-08', 'Salive'),
(27, 39, 32, '2017-11-11', 'Urine'),
(28, 19, 14, '2017-10-21', 'Peaux'),
(29, 84, 13, '2017-04-02', 'Selles'),
(30, 15, 23, '2017-11-18', 'Peaux'),
(31, 43, 4, '2017-06-21', 'Sang'),
(32, 41, 29, '2017-12-28', 'Selles'),
(33, 33, 16, '2018-01-04', 'Selles'),
(34, 7, 7, '2018-08-14', 'Salive'),
(35, 46, 35, '2018-07-02', 'Selles'),
(36, 92, 20, '2017-09-17', 'Sang'),
(37, 74, 27, '2017-01-29', 'Selles'),
(38, 58, 22, '2018-06-28', 'Cheveux'),
(39, 97, 25, '2017-05-01', 'Salive'),
(40, 59, 3, '2018-09-02', 'Cheveux'),
(41, 57, 26, '2018-06-19', 'Salive'),
(42, 71, 6, '2018-09-29', 'Selles'),
(43, 71, 10, '2018-06-21', 'Selles'),
(44, 26, 20, '2018-06-28', 'Urine'),
(45, 32, 14, '2017-10-12', 'Cheveux'),
(46, 11, 3, '2018-01-18', 'Selles'),
(47, 60, 33, '2018-09-01', 'Selles'),
(48, 54, 20, '2018-06-16', 'Urine'),
(49, 37, 31, '2018-03-18', 'Selles'),
(50, 11, 26, '2017-12-22', 'Urine'),
(51, 92, 14, '2016-11-05', 'Selles'),
(52, 16, 10, '2017-12-18', 'Peaux'),
(53, 96, 13, '2018-04-16', 'Cheveux'),
(54, 83, 11, '2018-08-03', 'Selles'),
(55, 49, 26, '2018-01-04', 'Sang'),
(56, 89, 9, '2018-03-04', 'Sang'),
(57, 18, 35, '2016-11-26', 'Sang'),
(58, 7, 9, '2018-02-09', 'Salive'),
(59, 52, 25, '2016-12-02', 'Selles'),
(60, 27, 3, '2017-09-23', 'Urine'),
(61, 3, 28, '2016-12-31', 'Salive'),
(62, 62, 24, '2018-08-25', 'Peaux'),
(63, 40, 35, '2017-05-02', 'Sang'),
(64, 15, 5, '2017-11-06', 'Peaux'),
(65, 59, 14, '2017-06-02', 'Urine'),
(66, 48, 22, '2018-09-28', 'Selles'),
(67, 51, 17, '2016-12-19', 'Urine'),
(68, 58, 16, '2018-08-05', 'Urine'),
(69, 59, 20, '2017-01-15', 'Salive'),
(70, 76, 24, '2018-03-25', 'Urine'),
(71, 96, 20, '2017-12-10', 'Urine'),
(72, 24, 21, '2018-10-08', 'Salive'),
(73, 8, 19, '2018-10-01', 'Cheveux'),
(74, 3, 2, '2018-05-29', 'Cheveux'),
(75, 91, 7, '2017-08-05', 'Selles'),
(76, 63, 18, '2018-04-18', 'Cheveux'),
(77, 27, 21, '2016-12-02', 'Sang'),
(78, 88, 7, '2017-10-02', 'Cheveux'),
(79, 78, 8, '2017-04-19', 'Sang'),
(80, 82, 35, '2017-08-27', 'Sang'),
(81, 99, 14, '2018-03-15', 'Urine'),
(82, 19, 35, '2017-05-29', 'Urine'),
(83, 85, 14, '2017-05-29', 'Salive'),
(84, 55, 33, '2017-12-04', 'Peaux'),
(85, 75, 25, '2018-07-31', 'Salive'),
(86, 99, 14, '2018-08-11', 'Salive'),
(87, 50, 34, '2017-11-04', 'Urine'),
(88, 5, 19, '2018-05-29', 'Urine'),
(89, 43, 8, '2017-09-22', 'Sang'),
(90, 9, 30, '2017-08-18', 'Cheveux'),
(91, 58, 21, '2018-10-07', 'Sang'),
(92, 13, 34, '2017-05-14', 'Selles'),
(93, 52, 9, '2017-03-28', 'Sang'),
(94, 93, 19, '2018-10-03', 'Salive'),
(95, 13, 19, '2017-08-12', 'Cheveux'),
(96, 10, 28, '2017-03-05', 'Selles'),
(97, 55, 10, '2018-08-30', 'Sang'),
(98, 23, 4, '2018-02-20', 'Selles'),
(99, 42, 2, '2017-04-29', 'Sang'),
(100, 45, 17, '2017-03-25', 'Salive'),
(101, 51, 14, '2018-05-17', 'Peaux'),
(102, 96, 28, '2018-01-10', 'Cheveux'),
(103, 88, 4, '2017-09-10', 'Salive'),
(104, 32, 28, '2018-08-23', 'Urine'),
(105, 70, 21, '2016-11-01', 'Selles'),
(106, 63, 25, '2016-11-27', 'Urine'),
(107, 98, 16, '2016-12-28', 'Salive'),
(108, 36, 27, '2017-08-01', 'Urine'),
(109, 73, 2, '2018-08-27', 'Cheveux'),
(110, 48, 16, '2017-12-25', 'Salive'),
(111, 82, 20, '2017-11-11', 'Cheveux'),
(112, 45, 3, '2016-12-13', 'Peaux'),
(113, 43, 13, '2017-07-16', 'Cheveux'),
(114, 92, 23, '2018-02-03', 'Urine'),
(115, 75, 25, '2018-03-11', 'Sang'),
(116, 42, 24, '2018-10-15', 'Salive'),
(117, 50, 32, '2017-08-26', 'Salive'),
(118, 38, 18, '2018-08-05', 'Salive'),
(119, 60, 33, '2017-08-12', 'Selles'),
(120, 62, 24, '2018-05-20', 'Salive'),
(121, 40, 23, '2017-05-20', 'Salive'),
(122, 15, 33, '2018-04-01', 'Peaux'),
(123, 77, 17, '2018-07-09', 'Urine'),
(124, 83, 21, '2018-05-19', 'Urine'),
(125, 8, 33, '2018-06-06', 'Salive'),
(126, 55, 2, '2017-03-05', 'Sang'),
(127, 97, 3, '2018-01-15', 'Peaux'),
(128, 6, 17, '2017-10-12', 'Salive'),
(129, 94, 10, '2016-11-08', 'Sang'),
(130, 63, 30, '2018-07-23', 'Salive'),
(131, 64, 16, '2018-04-22', 'Sang'),
(132, 71, 21, '2016-12-27', 'Cheveux'),
(133, 41, 34, '2017-10-04', 'Sang'),
(134, 3, 10, '2018-04-03', 'Urine'),
(135, 17, 8, '2018-07-15', 'Peaux'),
(136, 8, 7, '2018-07-19', 'Selles'),
(137, 29, 19, '2018-07-22', 'Selles'),
(138, 29, 33, '2018-03-10', 'Selles'),
(139, 37, 16, '2018-04-01', 'Peaux'),
(140, 44, 22, '2017-03-02', 'Selles'),
(141, 92, 9, '2018-04-16', 'Salive'),
(142, 93, 16, '2017-10-18', 'Selles'),
(143, 71, 34, '2017-08-01', 'Peaux'),
(144, 55, 11, '2017-10-07', 'Cheveux'),
(145, 84, 1, '2017-11-30', 'Sang'),
(146, 93, 27, '2017-05-21', 'Urine'),
(147, 79, 5, '2018-02-18', 'Sang'),
(148, 74, 33, '2017-02-14', 'Selles'),
(149, 45, 33, '2018-02-20', 'Salive'),
(150, 54, 8, '2018-03-07', 'Salive'),
(151, 46, 28, '2017-05-13', 'Selles'),
(152, 52, 8, '2018-04-22', 'Selles'),
(153, 91, 33, '2018-04-06', 'Urine'),
(154, 48, 21, '2018-08-11', 'Peaux'),
(155, 36, 29, '2017-09-27', 'Peaux'),
(156, 94, 27, '2018-05-26', 'Urine'),
(157, 37, 5, '2017-10-07', 'Cheveux'),
(158, 45, 1, '2018-04-29', 'Salive'),
(159, 13, 4, '2017-10-23', 'Urine'),
(160, 78, 11, '2018-01-19', 'Selles'),
(161, 55, 20, '2018-01-12', 'Peaux'),
(162, 18, 9, '2017-07-19', 'Selles'),
(163, 82, 35, '2018-01-05', 'Peaux'),
(164, 46, 31, '2018-03-04', 'Selles'),
(165, 73, 14, '2018-02-27', 'Sang'),
(166, 100, 1, '2018-09-07', 'Sang'),
(167, 96, 13, '2017-12-17', 'Selles'),
(168, 41, 23, '2017-04-06', 'Peaux'),
(169, 15, 10, '2018-06-01', 'Urine'),
(170, 28, 18, '2017-05-10', 'Urine'),
(171, 52, 28, '2018-02-08', 'Peaux'),
(172, 77, 29, '2017-06-11', 'Selles'),
(173, 51, 16, '2018-03-22', 'Selles'),
(174, 14, 25, '2017-05-11', 'Sang'),
(175, 65, 8, '2017-03-20', 'Peaux'),
(176, 63, 29, '2018-01-25', 'Selles'),
(177, 86, 10, '2018-01-29', 'Peaux'),
(178, 58, 13, '2017-07-25', 'Urine'),
(179, 52, 23, '2017-11-27', 'Salive'),
(180, 89, 28, '2018-08-31', 'Salive'),
(181, 40, 7, '2017-05-15', 'Selles'),
(182, 65, 2, '2017-09-25', 'Selles'),
(183, 2, 32, '2016-12-03', 'Salive'),
(184, 21, 25, '2018-01-22', 'Peaux'),
(185, 52, 14, '2017-07-17', 'Peaux'),
(186, 8, 18, '2017-12-02', 'Selles'),
(187, 35, 5, '2017-10-25', 'Selles'),
(188, 37, 8, '2018-01-12', 'Urine'),
(189, 14, 35, '2016-12-31', 'Selles'),
(190, 84, 25, '2017-04-06', 'Peaux'),
(191, 1, 2, '2018-01-17', 'Cheveux'),
(192, 36, 19, '2018-05-20', 'Cheveux'),
(193, 65, 16, '2016-11-21', 'Cheveux'),
(194, 93, 22, '2018-01-29', 'Cheveux'),
(195, 71, 22, '2017-12-17', 'Salive'),
(196, 56, 4, '2017-01-07', 'Selles'),
(197, 41, 13, '2018-08-13', 'Peaux'),
(198, 80, 15, '2017-12-24', 'Cheveux'),
(199, 63, 3, '2018-09-26', 'Sang'),
(200, 65, 13, '2017-09-28', 'Salive');

--
-- Index pour les tables déchargées
--

--
-- Index pour la table `analyse`
--
ALTER TABLE `analyse`
  ADD PRIMARY KEY (`idAnalyse`),
  ADD KEY `pk_id_prelevement` (`idPrelevement`);

--
-- Index pour la table `medecin`
--
ALTER TABLE `medecin`
  ADD PRIMARY KEY (`idMedecin`);

--
-- Index pour la table `patient`
--
ALTER TABLE `patient`
  ADD PRIMARY KEY (`idPatient`);

--
-- Index pour la table `prelevement`
--
ALTER TABLE `prelevement`
  ADD PRIMARY KEY (`idPrelevement`),
  ADD KEY `pk_id_medecin` (`idMedecin`),
  ADD KEY `pk_id_patient` (`idPatient`);

--
-- AUTO_INCREMENT pour les tables déchargées
--

--
-- AUTO_INCREMENT pour la table `analyse`
--
ALTER TABLE `analyse`
  MODIFY `idAnalyse` int(11) NOT NULL AUTO_INCREMENT, AUTO_INCREMENT=401;
--
-- AUTO_INCREMENT pour la table `medecin`
--
ALTER TABLE `medecin`
  MODIFY `idMedecin` int(11) NOT NULL AUTO_INCREMENT, AUTO_INCREMENT=36;
--
-- AUTO_INCREMENT pour la table `patient`
--
ALTER TABLE `patient`
  MODIFY `idPatient` int(11) NOT NULL AUTO_INCREMENT, AUTO_INCREMENT=105;
--
-- AUTO_INCREMENT pour la table `prelevement`
--
ALTER TABLE `prelevement`
  MODIFY `idPrelevement` int(11) NOT NULL AUTO_INCREMENT, AUTO_INCREMENT=201;
--
-- Contraintes pour les tables déchargées
--

--
-- Contraintes pour la table `analyse`
--
ALTER TABLE `analyse`
  ADD CONSTRAINT `pk_id_prelevement` FOREIGN KEY (`idPrelevement`) REFERENCES `prelevement` (`idPrelevement`) ON DELETE CASCADE;

--
-- Contraintes pour la table `prelevement`
--
ALTER TABLE `prelevement`
  ADD CONSTRAINT `pk_id_medecin` FOREIGN KEY (`idMedecin`) REFERENCES `medecin` (`idMedecin`) ON DELETE CASCADE,
  ADD CONSTRAINT `pk_id_patient` FOREIGN KEY (`idPatient`) REFERENCES `patient` (`idPatient`) ON DELETE CASCADE;
COMMIT;

/*!40101 SET CHARACTER_SET_CLIENT=@OLD_CHARACTER_SET_CLIENT */;
/*!40101 SET CHARACTER_SET_RESULTS=@OLD_CHARACTER_SET_RESULTS */;
/*!40101 SET COLLATION_CONNECTION=@OLD_COLLATION_CONNECTION */;
